Name,Mixpanel ID
Tnnr,24fe09008d0b1af05fc581fb7c0bc202
Tom C-S,53f59f690061322b8190205acded4335
Chris,35ca36db59eda90f585a933b16769d48
Joe,07395c25628d1690ea53211e5f7d34d4
Aiden,c7542ba263bcff7cda1d07b2436a69ec
Rick,0e6b7895a9ab8de6cd2fed46ed0736b4
Marek,50a61c8ab264485bfee3dcd52525ce78
Flak,48daccf783865184ea79fbffabf1aa2a
Kelton,977bd157c12c355f8755fb9dd4141d89
Caramel,22ee8370fc3b7bc30a1854149a85adc2
Skullsen,3953f45ca46458706f7b683c11d42cf3
Justin,e479b062d73ec02381928416a47488da
Scooper,df8aa1903f1853773e464eaca2ce09c3
Karma/Seb,070006813ea0cb5371edbd7f37647fd8
Simon,b623c05795703ef2244bf928257b6a22
Fred ,eac8abd0e1fd766aeb51e152a01c667d
Bolton,920b23260de934782ac5c13a276f74ef
Lukáš,0b6bf12a8ee6c34098c1ad7b96e1ffd7
Taylor,e90651401bc36200949531b45fbcaff3
Nathan ,63ddcc10110aec0cc95c17ca7f71372c
Dhiksha,b9d4837fe1e9d19a96621849e489647b 
JAKSON,1ec91b702c556810600fda99fa3e3f14
Jack northwave,b450207428ea58c7d5ef76d8eac16e45
Jane ,5273d32335bd34f880f68feafd2b5def
Pola,fa81ed628753307bb5a0c14d1e09a686
Ethan,fd027eeca9f7bf8edf06d0ff0ebab26b
Ben Dover ,3dcad7d80ababda0fa80f08ebdeb3b1d
Mr. Night,d16f8351b5c2b18286a7f37602a1fb3e
Laura,8a0c068c59642a119071d65952e2ee0e
Eivind,b2bb1e5bbfa23968041eb6b6ce6701ae
david ,e01821b7c589094530877297c0f4e2e1
Andreas: ,627a8aebeeeea0310c8c7ca7aab7a24e
Katerina: ,09841e1bd615e19f86591143609056db
Bubbles: ,01a23454d9f6acb6f85d82a6a599de63
Rachel: ,7713dc5301bce3d768b04f9faf9696d7
conor,c8b00a89b47b4f921503210d84cf9ce5
selina,0275cb4b548910bb7d94f0f921867e41
Tableflip,041d69adfe237190723db1eb3131868e
ThePsydeFX,0b170ac773842f0f31a9b330a583bcc2
bryn,0fb0918a28880c23b12a0f2b93d5e570
RoBoHoBo,18ec936b288ff76a88ed605bd640ac34
Uberkist3,1ae65e32ac9bf53ec89a19010ab41a20
ayessha,2690c6010367c621ad9baecf483c2054
kjetil,5060239ec0b417a4327b3fdd5f1d4aa4
wardy,51e7d925a58eadba70c96dfb90d1f070
luca,6eeb7b6cf8d95352695837b4a41bd634
adam,8531aaa75686d2d91e02f97e942801d9
Trade surplus,8b0409bfa68b990054d00493ee9d9a4d
rich,94039c69b9fada91fdeacfd29d582ada
Oggli- Astrid?,971e22147daee533ef799dc4900798fe
Helix Crowley,b5bfec92e4907bbe3a9283e83410318a
Fuszherbaty,c21eec38cac93c735cc482116be13da7
kaya,c8907e71ed45692963abf1108443fa89z
Da Donk,d4b8181aeafa956755ed9a059ecd591d
Jeeb,d6e17fe1ad36353253e3ae0a3ae5464d
mariana,deddd35089e6403500185b84489ef5c1
pokerplate,ef0f36e78e29a0f8b93eccee64f54dc1
Dan G,f46b68022238154d3d62a76fcb6e35e8
shady,f5be2eeb2a817351a3d2dec564e3d17d
Michael Kaiser,06780e895099cb806c80a567f75db5df
Chris B,0bf4abd679c79c7e5373cb5f20b18181
Vernillet,1750bd9e52a054cc61884eabb4747031
Wade,51f030a8b174949065cc55d04a5459e3
Kilinit,56982435fc9c5c78228a93c0b85a287d
Gusgus,5a5fbe9fd10cd3c43e8cc1b444b6f7be
theMamaMelon,5c9f4582c6c7f570a3b4affa0adc0ad0
noice.com/Deyna,1c4126846d3e95eb1cadcdd5ec73d071
Mounts Underrrated,7def921be1436429b5a55883063c8abc
James I 20 I,845ec72497144b4cd860bec45133baf5
Peter ,bf21cfaacac0c6d01b0fe323ebed9147
Mr Testicle Inspecticle,c1ac0b8ea9d0f5912a5a647c12e7786a
ChefHappyTime,c8e9c90b89c6b8e79dc5f4d8f725cc0c
Blackhawkftw,d6512957d2d5fa60071fa4d8273e2fde
"	edit poly",e10d42ff26f9000a2ffadcdb04513db7
Sefraca,e4defc4f445a45dea2b6e1627d397eac
Alex Y,a4c46eb808e2f6dee7f406588a8418f5
Jack Bulson,b2075f87717bfbca1e922f081b9e3557
123,2f06e821e7626707bb40f12c8a1138bc
BlackBoye,1d8dbc0a0a8302428107354279100f0a
Papa Capes,38a38553d4548400006c001b876418a4
Maciej,c21eec38cac93c735cc482116be13da7 
Lauren,da04fdb69f17afd06d3f5d35103d7e8d 